well,strain,drug,conc,name
A01,,DMSO,0.5%,DMSO
B01,,DMSO,0.5%,DMSO
C01,,DMSO,0.5%,DMSO
D01,,DMSO,0.5%,DMSO
E01,,DMSO,0.5%,DMSO
F01,,DMSO,0.5%,DMSO
G01,,DMSO,0.5%,DMSO
H01,,DMSO,0.5%,DMSO
A02,,HY-13782A,10mM  * 10uL,Tenofovir Disoproxil
B02,,HY-109106A,10mM  * 10uL,Upacicalcet (sodium)
C02,,HY-N0158,10mM  * 10uL,Oxymatrine
D02,,HY-15036,10mM  * 10uL,Diclofenac
E02,,HY-103399,10mM  * 10uL,Trovafloxacin (mesylate)
F02,,HY-N0865,10mM  * 10uL,Ingenol
G02,,HY-10255,10mM  * 10uL,Sunitinib (Malate)
H02,,HY-15851,10mM  * 10uL,Revefenacin
A03,,HY-N1380,10mM  * 10uL,Guaiacol
B03,,HY-15959,10mM  * 10uL,Savolitinib
C03,,HY-N0264,10mM  * 10uL,Ligustrazine
D03,,HY-18716,10mM  * 10uL,Dextrorotation nimorazole phosphate ester
E03,,HY-N0276,10mM  * 10uL,Flaconitine
F03,,HY-19696,10mM  * 10uL,Tauroursodeoxycholate
G03,,HY-N0862,10mM  * 10uL,Harringtonine
H03,,HY-76847,10mM  * 10uL,Chenodeoxycholic Acid
A04,,HY-122272,10mM  * 10uL,Paroxetine
B04,,HY-B0185,10mM  * 10uL,Lidocaine
C04,,HY-B0330A,10mM  * 10uL,Levofloxacin (hydrate)
D04,,HY-12717A,10mM  * 10uL,Phentolamine (hydrochloride)
E04,,HY-B0198,10mM  * 10uL,Cefaclor
F04,,HY-B0625,10mM  * 10uL,Ciclesonide
G04,,HY-B1201,10mM  * 10uL,Tiratricol
H04,,HY-W013075,10mM  * 10uL,Rutin (trihydrate)
A05,,HY-Y0335,10mM  * 10uL,"1,3-Dihydroxyacetone"
B05,,HY-13413,10mM  * 10uL,Tofogliflozin (hydrate)
C05,,HY-A0154,10mM  * 10uL,Deslanoside
D05,,HY-17643,10mM  * 10uL,Oteseconazole
E05,,HY-B0207A,10mM  * 10uL,Pyridostigmine (bromide)
F05,,HY-B0600,10mM  * 10uL,Tafluprost
G05,,HY-15233,10mM  * 10uL,Letermovir
H05,,HY-B0586,10mM  * 10uL,Methylcobalamin
A06,,HY-B0623A,10mM  * 10uL,Ropinirole (hydrochloride)
B06,,HY-B1496,10mM  * 10uL,Tranylcypromine (hemisulfate)
C06,,HY-A0083,10mM  * 10uL,Methacholine (chloride)
D06,,HY-15407A,10mM  * 10uL,Sacubitril hemicalcium salt
E06,,HY-B1700A,10mM  * 10uL,Mivacurium (dichloride)
F06,,HY-B0679,10mM  * 10uL,Lubiprostone
G06,,HY-B0211A,10mM  * 10uL,Riluzole hydrochloride
H06,,HY-A0124A,10mM  * 10uL,Sapropterin (dihydrochloride)
A07,,HY-14928A,10mM  * 10uL,Lobeglitazone (sulfate)
B07,,HY-B0401,10mM  * 10uL,Tolbutamide
C07,,HY-N0447,10mM  * 10uL,8-Gingerol
D07,,HY-14654,10mM  * 10uL,Aspirin
E07,,HY-B0174,10mM  * 10uL,Olsalazine (Disodium)
F07,,HY-B1240,10mM  * 10uL,Droperidol
G07,,HY-120081A,10mM  * 10uL,Metixene (hydrochloride hydrate)
H07,,HY-B0180B,10mM  * 10uL,Imiquimod (maleate)
A08,,HY-17004,10mM  * 10uL,Olmesartan
B08,,HY-114899,10mM  * 10uL,Azamethiphos
C08,,HY-B0322A,10mM  * 10uL,Sulfamethoxazole (sodium)
D08,,HY-15431,10mM  * 10uL,Capivasertib
E08,,HY-14397A,10mM  * 10uL,Indomethacin (sodium hydrate)
F08,,HY-B0461,10mM  * 10uL,Trospium (chloride)
G08,,HY-14545,10mM  * 10uL,Amisulpride
H08,,HY-B0612,10mM  * 10uL,Lercanidipine
A09,,HY-B0435,10mM  * 10uL,Roxithromycin
B09,,HY-B0168A,10mM  * 10uL,Milnacipran (hydrochloride)
C09,,HY-B0689,10mM  * 10uL,Indinavir
D09,,HY-101405,10mM  * 10uL,Gestrinone
E09,,HY-13064,10mM  * 10uL,Cobimetinib
F09,,HY-15771,10mM  * 10uL,Tirabrutinib
G09,,HY-B1655,10mM  * 10uL,Fluspirilene
H09,,HY-N0282,10mM  * 10uL,Demecolcine
A10,,HY-112823,10mM  * 10uL,Almonertinib
B10,,HY-B0935,10mM  * 10uL,Benzyl benzoate
C10,,HY-B0946,10mM  * 10uL,Sulfamonomethoxine
D10,,HY-B1472,10mM  * 10uL,Deoxycorticosterone acetate
E10,,HY-13234,10mM  * 10uL,Rifaximin
F10,,HY-N0184A,10mM  * 10uL,Dipotassium glycyrrhizinate
G10,,HY-14600,10mM  * 10uL,Rosiglitazone (maleate)
H10,,HY-107831,10mM  * 10uL,5-Acetylsalicylic acid
A11,,HY-17504B,10mM  * 10uL,Rosuvastatin (Sodium)
B11,,HY-N0593,10mM  * 10uL,Deoxycholic acid
C11,,HY-B0261,10mM  * 10uL,Meloxicam
D11,,HY-B0267,10mM  * 10uL,Oxybutynin
E11,,HY-B1347,10mM  * 10uL,Clorprenaline hydrochloride
F11,,HY-B1030,10mM  * 10uL,Lanatoside C
G11,,HY-B0227,10mM  * 10uL,Ketoprofen
H11,,HY-10195B,10mM  * 10uL,Ruboxistaurin (hydrochloride)
A12,,HY-N6810,10mM  * 10uL,Thymol
B12,,HY-14814,10mM  * 10uL,Delafloxacin
C12,,HY-B2070,10mM  * 10uL,Methylbenactyzium Bromide
D12,,HY-B0195,10mM  * 10uL,Tranilast
E12,,HY-10844,10mM  * 10uL,Pretomanid
F12,,HY-14299,10mM  * 10uL,Indacaterol
G12,,HY-B1200,10mM  * 10uL,Pralidoxime (chloride)
H12,,HY-15656,10mM  * 10uL,Ceritinib
